{
  "prepare_queue": {
    "installed": [],
    "uninstalled": []
  },
  "config_munge": {
    "files": {
      "config.xml": {
        "parents": {
          "/*": [
            {
              "xml": "<feature name=\"FCMPlugin\"><param name=\"ios-package\" value=\"FCMPlugin\" /></feature>",
              "count": 1
            },
            {
              "xml": "<feature name=\"InAppBrowser\"><param name=\"ios-package\" value=\"CDVInAppBrowser\" /><param name=\"onload\" value=\"true\" /></feature>",
              "count": 1
            },
            {
              "xml": "<feature name=\"UIInAppBrowser\"><param name=\"ios-package\" value=\"CDVUIInAppBrowser\" /><param name=\"onload\" value=\"true\" /></feature>",
              "count": 1
            },
            {
              "xml": "<feature name=\"WKInAppBrowser\"><param name=\"ios-package\" value=\"CDVWKInAppBrowser\" /><param name=\"onload\" value=\"true\" /></feature>",
              "count": 1
            },
            {
              "xml": "<feature name=\"SplashScreen\"><param name=\"ios-package\" value=\"CDVSplashScreen\" /><param name=\"onload\" value=\"true\" /></feature>",
              "count": 1
            }
          ]
        }
      },
      "*/Entitlements-Debug.plist": {
        "parents": {
          "aps-environment": [
            {
              "xml": "<string>development</string>",
              "count": 1
            }
          ]
        }
      },
      "*/Entitlements-Release.plist": {
        "parents": {
          "aps-environment": [
            {
              "xml": "<string>production</string>",
              "count": 1
            }
          ]
        }
      }
    }
  },
  "installed_plugins": {
    "cordova-plugin-whitelist": {
      "PACKAGE_NAME": "$(PRODUCT_BUNDLE_IDENTIFIER)"
    },
    "cordova-plugin-fcm-with-dependecy-updated": {
      "PACKAGE_NAME": "$(PRODUCT_BUNDLE_IDENTIFIER)"
    },
    "cordova-plugin-inappbrowser": {
      "PACKAGE_NAME": "$(PRODUCT_BUNDLE_IDENTIFIER)"
    },
    "cordova-plugin-splashscreen": {
      "PACKAGE_NAME": "$(PRODUCT_BUNDLE_IDENTIFIER)"
    }
  },
  "dependent_plugins": {},
  "modules": [
    {
      "id": "cordova-plugin-fcm-with-dependecy-updated.FCMPlugin",
      "file": "plugins/cordova-plugin-fcm-with-dependecy-updated/www/FCMPlugin.js",
      "pluginId": "cordova-plugin-fcm-with-dependecy-updated",
      "clobbers": [
        "FCMPlugin"
      ]
    },
    {
      "id": "cordova-plugin-inappbrowser.inappbrowser",
      "file": "plugins/cordova-plugin-inappbrowser/www/inappbrowser.js",
      "pluginId": "cordova-plugin-inappbrowser",
      "clobbers": [
        "cordova.InAppBrowser.open",
        "window.open"
      ]
    },
    {
      "id": "cordova-plugin-splashscreen.SplashScreen",
      "file": "plugins/cordova-plugin-splashscreen/www/splashscreen.js",
      "pluginId": "cordova-plugin-splashscreen",
      "clobbers": [
        "navigator.splashscreen"
      ]
    }
  ],
  "plugin_metadata": {
    "cordova-plugin-whitelist": "1.3.4",
    "cordova-plugin-fcm-with-dependecy-updated": "2.4.0",
    "cordova-plugin-inappbrowser": "3.2.0",
    "cordova-plugin-splashscreen": "5.0.3"
  }
}
